,ID,Progress,Duration (in seconds),Finished,RecordedDate,UserLanguage,What category does a majority of your clientele (coaching) fall under? ,How long have you been coaching?,"Do you coach clients that are natural, enhanced, or both?","After completion of a caloric deficit (fat loss phase) in your natural athletes, do you purposely increase calories for your clients?†","In your natural athletes, do you utilize what you would consider is a ""reverse dieting"" approach?","When implementing a reverse diet for natural clients, do you primarily focus on manipulating specific macronutrients or general caloric intake?","Does your clientele consist of primarily men, women, or both?†","After a caloric deficit for a natural 100kg male utilizing a reverse dieting strategy, on average, what is your daily caloric increase?","After a caloric deficit for a natural 60kg female utilizing a reverse dieting strategy, on average, what is your daily caloric increase?","After a caloric deficit for a natural 100kg male utilizing a reverse dieting strategy, on average, what is your daily total macronutrient (PRO + CHO+ FAT) increase?","After a caloric deficit for a natural 60kg female utilizing a reverse dieting strategy, on average, what is your daily total macronutrient (PRO + CHO+ FAT) increase?",How many weeks on average do your natural clients spend reverse dieting?,"If you prescribed a natural client (x) amount of cardio and/or step count during the caloric deficit (fat loss phase), how do you adjust cardio/step count once the fat loss phase is completed?†","If your clients have ever experienced a negative effect from reverse dieting please explain. (e.g. adherence, body fat levels, hormonal factors, etc.)†",Why do you implement a reverse dieting strategy after a caloric deficit (fat loss phase) as opposed to another approach?,"By selecting ìyesî I understand my responses, while remaining anonymous, IP address information is collected in order to prevent duplicate survey responses, and will be used for research analysis.",,,,
,,,,,,,,,,,,"(e.g. increase by (x) grams of carbohydrates, fat, protein OR increase by (x) amount of calories regardless of macronutrients)†",,,,,,,,,,,,,,
,,"{""ImportId"":""progress""}","{""ImportId"":""duration""}","{""ImportId"":""finished""}","{""ImportId"":""recordedDate"",""timeZone"":""America/Denver""}","{""ImportId"":""userLanguage""}","{""ImportId"":""QID2""}","{""ImportId"":""QID3""}","{""ImportId"":""QID5""}","{""ImportId"":""QID6""}","{""ImportId"":""QID8""}","{""ImportId"":""QID9""}","{""ImportId"":""QID4""}",Use this specific example: If the diet ended at 2000 calories how many calories on average are you adding to this each day for the next 7 days?,Use this specific example: If the diet ended at 1000 calories how many calories on average are you adding to this each day for the next 7 days?,Use this specific example: If the diet ended at 2000 calories how many macros on average are you adding to this each day for the next 7 days?,Use this specific example: If the diet ended at 1000 calories how many macros on average are you adding to this each day for the next 7 days?,"{""ImportId"":""QID15_TEXT""}","{""ImportId"":""QID17""}","{""ImportId"":""QID19_TEXT""}","{""ImportId"":""QID20_TEXT""}","{""ImportId"":""QID23""}",,,,
,ID1,56,379,FALSE,1/5/2024 5:06,EN,Lifestyle/General population,2-4 years,I only coach natural athletes,Yes,Yes,I focus on Calories,I coach Both,400,,,,,,,,,,,,
,ID2,72,964,FALSE,1/31/2024 13:24,EN,Lifestyle/General population,>8 years,I only coach natural athletes,Yes,Yes,I focus on Calories,I coach Both,I would add 200 calories per week,,I would add a total of 200 calories and I would keep his protein needs the same as in the deficit and adjust eh macros to meet the new calorie goal,I would add 200 calories for the week,,,,,,,,,
,ID3,56,96,FALSE,12/30/2023 6:42,EN,Lifestyle/General population,>8 years,I only coach natural athletes,Yes,Yes,I focus on Macronutrients,I coach Both,15,,,,,,,,,,,,
,ID4,100,732,TRUE,12/29/2023 5:28,EN,Competitive physique athletes,2-4 years,I coach both,Yes,Yes,I focus on Macronutrients,I coach Both,"150 to 250 calories, Depending on how lean he was on show day! Body Fat % determines how much I add back in  ",,"""2.4g protein/kg of bodyweight stays constant for next 7 days ‚Ä¢ +50g carbs from final prep diet stays constant for two days the adding 25g if need be ‚Ä¢ +10g fat from final prep diet( Same as Carbs) ‚Ä¢ 30g fiber ",1.5-1.7g protein/kg of bodyweight stays constant for next 7 days ‚Ä¢ +25g carbs from final prep diet stays constant for two days the adding 15g if need be ‚Ä¢ +5g fat from final prep diet( Same as Carbs) ‚Ä¢ 15g fiber ,"Untill we get to maitance calories, depends once again on their stage conditioning and how lean they were! 2 to 4 weeks ",Decrease,More mentally starined as they fear gaining fat ,Body needs to get back to normal metabolism regulation asap ( Recovery and Reverse) used both with great success ,Yes,,,,
,ID5,100,88,TRUE,1/24/2024 18:51,EN,Lifestyle/General population,2-4 years,I coach both,Yes,No,,,,,,,,,,,,,,,
,ID6,100,119,TRUE,1/23/2024 23:10,EN,Lifestyle/General population,2-4 years,I only coach natural athletes,Yes,No,,,,,,,,,,,,,,,
,ID7,28,37,FALSE,1/18/2024 18:29,EN,"Team sports/ Athletic performance (football,swimming,combat sports)",<2 years,I only coach natural athletes,,No,,,,,,,,,,,,,,,
,ID8,56,168,FALSE,1/4/2024 12:14,EN,Lifestyle/General population,>8 years,I only coach natural athletes,Yes,Yes,I focus on Macronutrients,I coach Both,30,,,,,,,,,,,,
,ID9,11,151,FALSE,1/17/2024 19:52,EN,,,,,,,,,,,,,,,,,,,,
,ID10,100,524,TRUE,12/25/2023 9:11,EN,Lifestyle/General population,>8 years,I coach both,Yes,Yes,I focus on Calories,I coach Both,30-50,,1:02:01,1:02:01,3-4 months,No change,Adherence gets difficult as there are calories coming in and the option to make it fit in your macros does get a little tempting ,Build a baseline at the body weight maintain for a bit then go into a surplus then again do a fast loss phase after desired duration ,Yes,,,,
,ID11,100,97,TRUE,1/9/2024 23:57,EN,Lifestyle/General population,5-8 years,I only coach natural athletes,No,No,,,,,,,,,,,,,,,
,ID12,100,193,TRUE,12/23/2023 11:05,EN,Lifestyle/General population,2-4 years,I coach both,Yes,Yes,I focus on Macronutrients,I coach Both,400,,20+80+0,10+40+0,10,Decrease,managing hunger is hard during the reverse,I have personally and anecdotally seen better results following a structured reverse vs going immediately back to maintenance calories ,Yes,,,,
,ID13,100,240,TRUE,1/2/2024 11:28,EN,Lifestyle/General population,5-8 years,I only coach natural athletes,Yes,Yes,I focus on Macronutrients,I only coach Women,,,,Focusing on increasing carbs and fats specifically. Ideally in seven days I would aim to have my client up by 40-50% carb intake and 20-35% fat increase ,6-Apr,Decrease,N/a,It‚Äôs the most sustainable physically and mentally to the client ,Yes,,,,
,ID14,100,351,TRUE,12/25/2023 14:47,EN,Lifestyle/General population,>8 years,I only coach natural athletes,Yes,Yes,I focus on Macronutrients,I only coach Women,,,,So we focus predominantly on increasing calories each week and it depends on how long and aggressive their fat loss phase was. But typically 100 calories up a week. Protein is typically the same and we increase carbs more than fat. But again it depends ,When the start with us we typically increase for 8-12+ weeks (menopausal women who are coming in with adrenal dysfunction and hormonal issues and eating way too low of calories ,Increase,"Increase in weight for some but always improvements in hormonal levels, energy and sleep",To avoid a drop in metabolic rate and improve them being able to maintain results ,Yes,,,,
,ID15,100,1004,TRUE,1/24/2024 12:53,EN,Lifestyle/General population,>8 years,I coach both,Yes,Yes,I focus on Calories,I coach Both,"Varies however my goal is to get them up to maintenance on the quicker side. So about 10-15% immediately as a weekly goal, monitoring daily bodyweight measurements.",,"Protein wouldn't change. Based on this data, 200 g Pro + 222 g CHO + 68 g F.",I would start her at 1150 and increase it 15-20% each week until new maintenance.,"On average, I would say 4-6 weeks.",Decrease,"Adherence can be difficult. Mentally, client's get nervous when adding back calories so dealing with that can be challenging for them.","It helps me find their new maintenance range of calories. Also, client's are less nervous with a reverse than a big jump to maintenance.",Yes,,,,
,ID16,100,1036,TRUE,1/3/2024 15:14,EN,Lifestyle/General population,>8 years,I coach both,Yes,Yes,I focus on Macronutrients,I coach Both,About 100cals on avg ,,Primarily focus on increasing protein over the course of weeks. ,"Primarily increase in protein. Depends on the amount they were eating prior, aiming for .8g/kg/bw and gradually increasing this towards 1.5-1.8. ",12 weeks . Usually the first 6 weeks are the most rapid. ,Decrease,No,"Majority of clients of mine are coming from an already existing caloric deficit. Typically in their first assesment logs or interviews they are already eating less than 1,000 calories. Therefore majority of all of them start in some progression of reverse dieting back into overal general caloric intake. Then the second step of my program is adjusting macros and activities, step 3 food timing , step 4 progressions/adjustments or maintenance. In my programs and practice the first 6 weeks of them reverse dieting has achieved great fat loss while preserving if not improving lean mass. I use InBody machines for these measures. ",Yes,,,,
,ID17,100,529,TRUE,12/22/2023 9:41,EN,Competitive physique athletes,5-8 years,I coach both,Yes,Yes,I focus on Macronutrients,I coach Both,150-300,,Completely depends on their biofeedback whether or not we need to be more aggressive with increased intake,See answer above,Roughly same # of weeks they spent in fat loss phase,Decrease,Some clients lose motivation to track as consistently as they did in a fat loss phase; others will utilize their macros in a reverse diet for less nutritional food sources thus having an effect on digestion and skin appearance,"A reverse dieting strategy typically allows the client to maintain majority of the results achieved throughout the fat loss phase while raising metabolic rate, restoring hormonal balance and decreasing physiological stress on the body. Some clients benefit from a recovery diet approach post contest prep depending on biofeedback",Yes,,,,
,ID18,56,399,FALSE,2/4/2024 6:58,EN,Competitive physique athletes,>8 years,I only coach natural athletes,Yes,Yes,I focus on Macronutrients,I only coach Women,,,,,,,,,,,,,
,ID19,100,784,TRUE,1/29/2024 20:22,EN,Competitive physique athletes,2-4 years,I coach both,Yes,Yes,I focus on Macronutrients,I coach Both,I'm adding an average of 200 calories per day,,"Protein is set at 220 grams,  Fats are 66 Grams Carbs are 132 grams. I would Increase carbs only over the next 7 day aiming to increase calories back to theoretical mantiance as quick as possible ",,8,Decrease,N/A,Depending on the individual and the effects they have experienced during the fat loss phase I would either I'mplement a reverse diet or recovery diet. If no hormone or psychological benefits occur I would use a reverse diet approach to prevent unwanted fat/weight gain. IF those factors do occur I would I would use a recovery diet and have the client get back to maintenance as quickly as possible ,Yes,,,,
,ID20,100,903,TRUE,1/9/2024 0:40,EN,Lifestyle/General population,2-4 years,I only coach natural athletes,Yes,Yes,I focus on Macronutrients,I coach Both,200,,40,20,8-Apr,Decrease,No,Because I think you have minimal increase in body fat by reverse dieting,Yes,,,,
,ID21,11,98,FALSE,1/30/2024 19:08,EN,,,,,,,,,,,,,,,,,,,,
,ID22,56,224,FALSE,1/1/2024 14:29,EN,Lifestyle/General population,<2 years,I only coach natural athletes,Yes,Yes,I focus on Calories,I coach Both,1-200,,,,,,,,,,,,
,ID23,100,696,TRUE,12/26/2023 15:27,EN,Lifestyle/General population,2-4 years,I coach both,Yes,Yes,I focus on Macronutrients,I coach Both,It depends on the person and their goals ,,Depends on goals... but at least 30g of protein,It wouldnt have ended at 1000 calories. I dont coach anyone on 1000 calories ,Depends on adherence to the plan. Could be weeks or months,No change,No,Yes,Yes,,,,
,ID24,56,120,FALSE,1/4/2024 6:26,EN,Lifestyle/General population,5-8 years,I only coach natural athletes,Yes,Yes,I focus on Macronutrients,I coach Both,2-400,,,,,,,,,,,,
,ID25,100,63,TRUE,1/3/2024 14:01,EN,Lifestyle/General population,>8 years,I only coach natural athletes,No,No,,,,,,,,,,,,,,,
,ID26,11,49,FALSE,1/18/2024 19:23,EN,,,,,,,,,,,,,,,,,,,,
,ID27,56,232,FALSE,12/29/2023 16:02,EN,"Strength Athletes (powerlifting, strongman, weightlifting)",<2 years,I coach both,Yes,Yes,I focus on Macronutrients,I coach Both,I wouldn‚Äôt increase on a daily basis more like weekly depending on how the client is responding ,,,,,,,,,,,,
,ID28,100,622,TRUE,12/21/2023 13:03,EN,Lifestyle/General population,>8 years,I coach both,Yes,Yes,I focus on Calories,I coach Both,15-40 depending on how they respond. ,,Protein 0-10g Carbs 0-40g Fats 0-20G,Protein 0-10g Carbs 0-30g Fats 0-10G,3-9 depending but 4.5 average,No change,Adherence due to lack of trust in a reverse dieting approach mostly created from skewed perception of the obese epidemic,I do this because the body is not designed to live in a deficit and to also help my clients build a sustainable lifestyle. ,Yes,,,,
,ID29,100,749,TRUE,1/29/2024 7:47,EN,Lifestyle/General population,>8 years,I only coach natural athletes,Yes,Yes,I focus on Macronutrients,I coach Both,20,,"We give them a base protein and fat amount based on their ending, lean muscle mass. Then move increase net carbs only unless more protein and fat are needed for increased activity and/or satiety without noted fat mass gains","We usually take it by week, not day, but if I break it down it would be about 40 kcal per day.",6-Apr,Increase,"Most often I see increased body fat levels in individuals who do not meet very lean dietary protein intake goals, with non-starchy vegetables, and who shift their calories to more simple carbs and/or fat. If dieters go back to ""old habits"" and/or decrease exercise. ",Yes,Yes,,,,
,ID30,100,276,TRUE,1/24/2024 5:09,EN,Lifestyle/General population,2-4 years,I only coach natural athletes,Yes,Yes,I focus on Macronutrients,I only coach Women,,,,25-50g of carbs depending on how the fat loss phase went,12-Aug,Decrease,adherence - afraid to gain weight so continue to under eat,"Most of my clients are terrified to gain fat back, so a slow and steady approach puts them at ease",Yes,,,,
,ID31,100,2818,TRUE,1/30/2024 8:01,EN,Lifestyle/General population,>8 years,I coach both,Yes,Yes,I focus on Macronutrients,I coach Both,"I would add an extra 70-75 calories per day the first week of a reverse diet, following a fatloss phase.   220lbs male (100kg), Their new predicted TDEE would be approx. 3080 - 3520 depending on activity levels. I will take the lower range to be safe and minimize fat gain. To account for metabolic adaptation multiply by 90%. New predicted maintenance calories approx. 2772 calories with a goal of getting there within 3-4 weeks post fat loss phase.   2000 calories is low for 220lbs male, so my initial first week increase would be more aggressive at 25% increase of total calories (an extra 500 calories). So approx. 70-75 calories per day increase the first 7 days. ",,"Out of the 70-75 calories per day, I would do 0g protein increase, 15-16g carbs increase, 1-2 g fat increase per day for the first 7 days.   For a 220lbs male at 2000 calories. Ideally his protein is 1g/lbs considering he is in a fatloss phase. However that would be really difficult, since we do not know his goal weight to determine the protein, let‚Äôs take 0.8g/lbs which is 176g protein per day (704 calories). Fats minimum requirement is 0.25grams/lbs so 55grams of fat (495), the rest made up of carbs 200 grams (801 calories).   His protein is in a good place, so we would just be increasing his fats and carbs. Focus would be primarily carbs, and secondary fats. ","Per day, assuming protein was already 1g/lbs bodyweight. 0g protein increase, 1.7g fat increase, 7g carb increase per day the first 7 days.   132 lbs female. Predicted TDEE between 1848 - 2112 calories. Take the lower end since I do not know activity level. Multiply by 90% to account for metabolic adaptation - 1663 new predicted maintenance.  First week would add in 30% of her current calories (additional 300 calories). More aggressive since this is very low for a female. Assuming at the end of the fatloss phase, protein was at least 0.8-1.0 grams/lbs of bodyweight = 105.6 - 132 grams of protein. I will assume the higher end at 132 grams/lbs (considering she was in a fatloss phase and needed to maintain muscle).  132g Protein (528 calories) 33g fat (minimum 0.25 x lbs of bodyweight) (297 calories) 44g carbs (175 calories - filled in the rest after P and F were accounted for).   Protein is good so the focus is carbs and fats. Female generally need more hormonal fats so would be more aggressive with those than a male, 12 grams fat total, 48 grams carbs total. ",8-12 weeks,Decrease,"  Yes.   Specifically, physique competitors after prolong calorie restriction and incredibly low body fat levels. Due to the down regulation of several important hormones (such as thyroid, leptin, insulin, testosterone) and the increase of ghrelin, and cortisol, that are involved in hunger cues, and satiety, they often find that it‚Äôs challenging to stay within the reverse diet calories, as their hunger has been severely elevated. This can cause an over consumption of calories, and therefore significant body fat levels increasing very quickly. ","It depends on the client, however, it‚Äôs important to be able to balance your hormones again after severe fat loss phase. Staying in an extreme calorie deficit can have several negative side effects on your hormones, such as your thyroid, your metabolism, sex hormones, energy levels, mood, sleep, etc.. the goal is always to be able to get your calories back up to maintenance calories (and hopefully surpass predictive maintenance levels), while maintaining healthy body fat levels.",Yes,,,,
,ID32,56,295,FALSE,12/29/2023 13:28,EN,Competitive physique athletes,2-4 years,I coach both,Yes,Yes,I focus on Macronutrients,I coach Both,"I would initially increase by about 500 calories per day, not necessarily jump a small amount eat day",,,,,,,,,,,,
,ID33,100,595,TRUE,12/26/2023 17:53,EN,Lifestyle/General population,2-4 years,I only coach natural athletes,Yes,Yes,I focus on Macronutrients,I only coach Women,,,,20+ grams carbs & 5 grams fat ~ until we reach TDEE/ maintenance calories ,6-8 depending on deficit depth ,Decrease,Slight increase in body fat levels ,"I find it better adherence with a slow and controlled reverse diet, rather than just bringing the calories immediately back up to maintenance.",Yes,,,,
,ID34,100,79,TRUE,1/23/2024 18:46,EN,Lifestyle/General population,5-8 years,I only coach natural athletes,Yes,No,,,,,,,,,,,,,,,
,ID35,100,921,TRUE,1/24/2024 18:29,EN,Lifestyle/General population,2-4 years,I only coach natural athletes,Yes,Yes,I focus on Macronutrients,I coach Both,I like to use guidelines from Layne Norton's book on reverse dieting. I'd need to know starting maintenance calories in regards to the 2000 cals. From here it would depend on the goals of the client. Conservative to moderate reverse. I let them have autonomy over what is next before we set cals.,,Protein will likely stay the same. Increase of CHO/Fat of 60/40,"Protein will likely stay the same. Increase of CHO/Fat of 60/40, but it will likely depend also on age and preference (is she peri or post menopause?)",4-8 weeks depending on the person and goals,No change,NA,"To help minimize weight regain after dieting and to get calories back up to maintenance, increase metabolism, energy, and hormone function",Yes,,,,
,ID36,100,55,TRUE,1/19/2024 18:19,EN,Lifestyle/General population,5-8 years,I coach both,Yes,No,,,,,,,,,,,,,,,
,ID37,100,707,TRUE,12/22/2023 19:01,EN,Lifestyle/General population,2-4 years,I only coach natural athletes,Yes,Yes,I focus on Macronutrients,I only coach Women,,,,"Increasing 10-15g of carbs and 2-5g of fat daily, keeping protein the same assuming 2g of protein/kg of bw. This will roughly add ",2-4 weeks until maintenance is reached ,No change,N/a,Ideally the reverse diet phase especially for females will allow their hormones to balance out and increase their metabolism as they get back to maintenance without added on a lot of additional body fat. We want to make sure the body is utilizing each macronutrient efficiently and isn‚Äôt storing additional fat. I typically increase calories first before I change training intensity/cardio so I can isolate one thing.   ,Yes,,,,
,ID38,100,619,TRUE,12/23/2023 19:21,EN,Lifestyle/General population,<2 years,I only coach natural athletes,Yes,Yes,I focus on Macronutrients,I only coach Women,,,,"I feel like there‚Äôs a lot of context missing with this. If she ended at 1000 calorie she would be close to  140 protein, 30F and around 50C. I‚Äôd increase her protein and carb and see how her weight shifts with new macros after one week. I wouldn‚Äôt change them everyday. Her cardio would also be decreased and I‚Äôd want to see the speed of weight gain over >5 days",About the same amount of time they spent cutting ,Decrease,My clients haven‚Äôt struggled with any of this because we don‚Äôt take extreme measures. Adherence may be the most common since they don‚Äôt feel the need to be as strict on the diet ,Because a lot of people can starve and loose weight but they can‚Äôt keep it off because they just go right back to ‚Äúeating normal‚Äù. I‚Äôve had a lot of successful and sustained weight loss with this approach ,Yes,,,,
,ID39,56,73,FALSE,12/29/2023 11:00,EN,Lifestyle/General population,2-4 years,I only coach natural athletes,Yes,Yes,I focus on Macronutrients,I only coach Women,,,,,,,,,,,,,
,ID40,100,1090,TRUE,1/2/2024 9:53,EN,Lifestyle/General population,2-4 years,I only coach natural athletes,Yes,Yes,I focus on Macronutrients,I coach Both,60-100,,[+/-]10-20 + 15-25 + 5-10,'-0-10 + 15-20 ¬± 5-10,At least as long as they've dieted up to twice as long depending on nature of deficit ,Decrease,None if they apply principles properly. A lot of lifestyle clients get impatient and overeat,"I want to increase calories (im also emphasizing strength training), micronutrient variety as well as stress that a ""diet""/deficit is not a lifestyle",Yes,,,,
,ID41,56,236,FALSE,1/3/2024 12:12,EN,Lifestyle/General population,2-4 years,I only coach natural athletes,Yes,Yes,I focus on Macronutrients,I only coach Women,,,,,,,,,,,,,
,ID42,100,360,TRUE,12/22/2023 13:01,EN,Lifestyle/General population,2-4 years,I coach both,Yes,Yes,I focus on Calories,I coach Both,"100, but I wouldn‚Äôt do it that linearly ",,"Protein adding 0g, carbs likely adding 25g per day if it has to be per day, fats 3g if it has to be per day ","If it ended at 1000 im putting them right back to 2000 ASAP and focusing on hormones moreso than short term body comp, but maybe 75 kcals per day if we did it that way",16-Apr,Decrease,"Too rapid of water weight retention from non adherent cheat meals, leading to mild edema, high BP, etc","I don‚Äôt always. Check out MOGS on Spotify , Post Show Phase  episode ",Yes,,,,
,ID43,56,135,FALSE,1/2/2024 17:09,EN,Lifestyle/General population,2-4 years,I only coach natural athletes,Yes,Yes,I focus on Macronutrients,I only coach Women,,,,,,,,,,,,,
,ID44,100,365,TRUE,12/27/2023 15:42,EN,Competitive physique athletes,2-4 years,I coach both,Yes,Yes,I focus on Macronutrients,I coach Both,200,,50g carbs,20g fat + 50g carbs,6-8 weeks,Decrease,Mentally very tough for individuals to gain the necessary body fat post show. Seeing yourself go from extremely lean back to around body fat set point where hormonal function is normalized I have seen be difficult mainly with my women athletes. ,"They tend to stay leaner, more insulin sensitive, and over time of doing this one‚Äôs body fat set point can lower a little bit more after each time doing so",Yes,,,,
,ID45,100,419,TRUE,12/27/2023 13:13,EN,Lifestyle/General population,>8 years,I only coach natural athletes,Yes,Yes,I focus on Macronutrients,I coach Both,50,,50-100,50-100,20-May,No change,"If I misjudge the appropriate caloric crease for the client, adherence suffers","To avoid binge eats by, rebound weight gain or is decrease in metabolic rate unmatched to the increase in calories",Yes,,,,
,ID46,100,535,TRUE,12/29/2023 12:43,EN,Lifestyle/General population,2-4 years,I only coach natural athletes,Yes,Yes,I focus on Macronutrients,I coach Both,I increase 10% per week,,"I keep protein the same, and typically split the 10% increase between carbs and fats",increase 10% each week until at maintenance,8-12+,No change,n/a,The metabolism is typically ramped up and the body is likely to respond better to more calories,Yes,,,,
,ID47,56,160,FALSE,1/30/2024 22:18,EN,Lifestyle/General population,5-8 years,I only coach natural athletes,Yes,Yes,I focus on Macronutrients,I coach Both,100 cal ,,,,,,,,,,,,
,ID48,11,73,FALSE,12/29/2023 9:16,EN,,,,,,,,,,,,,,,,,,,,
,ID49,11,63,FALSE,1/2/2024 5:21,EN,,,,,,,,,,,,,,,,,,,,
,ID50,100,181,TRUE,1/25/2024 19:12,EN,Lifestyle/General population,5-8 years,I only coach natural athletes,Yes,No,,,,,,,,,,,,,,,
,ID51,100,118,TRUE,12/26/2023 19:01,EN,Competitive physique athletes,2-4 years,I only coach natural athletes,No,No,,,,,,,,,,,,,,,
,ID52,56,289,FALSE,1/2/2024 19:06,EN,Competitive physique athletes,2-4 years,I only coach natural athletes,Yes,Yes,I focus on Macronutrients,I coach Both,50 to 100 ,,,,,,,,,,,,
,ID53,100,706,TRUE,1/29/2024 20:39,EN,Lifestyle/General population,2-4 years,I only coach natural athletes,Yes,Yes,I focus on Macronutrients,I coach Both,150-200 calories,,"Approx. 10 g protein, 10 grams of carbs 15 g fat",Approx. 150 calories,This is dependant on the clients goals. Anywhere from 8-12 weeks on average.,No change,N/A,Body composition,Yes,,,,
,ID54,100,200,TRUE,12/22/2023 14:34,EN,Lifestyle/General population,<2 years,I only coach natural athletes,Yes,Yes,I focus on Macronutrients,I only coach Women,,,,,8-Jun,Decrease,n/a,"it ensures that the client does not gain a suboptimal amount of fat back after the dieting phase, while bringing them back up to maintenance ",,,,,
,ID55,100,3572,TRUE,1/4/2024 3:12,EN,Lifestyle/General population,<2 years,I coach both,Yes,Yes,I focus on Macronutrients,I coach Both,100 caries increase each week ,,Pro 35% cho 40% fat 25%,Pro 30% Cho 40% fat 30%,24 weeks,No change,Back to deficit ,Maintenance and increase metabolism ,Yes,,,,
,ID56,100,1003,TRUE,12/26/2023 9:10,EN,Lifestyle/General population,>8 years,I only coach natural athletes,Yes,Yes,I focus on Macronutrients,I coach Both,250-300 calories,,"If protein was set higher than 220g, there would be a reduction to 220g of protein. CHO +40g and FAT +10g","If protein was set higher than 132g, there would be a reduction to 132g of protein. CHO +40g FAT +10g",min 4 weeks post diet upwards of 3 months to monitor. This is dependent on the client and the next outcome goal. Women are more concerned with fat regain and body image so there is more time spent on average with them.,Decrease,"Adherence if the reverse is too slow which then can lead to overeating. I have had clients that say they feel good, hormones are in check, and think they are where they want to be only to overshoot calories because they think they can and they end up in a surplus over and over again. Most of this in my opinion is due to their relationship with food and body.","If the client has another goal on the line sometimes a recovery diet is implemented vs a reverse diet. This means calories are immediately put at predicted maintenance cals in hopes there is no overshooting. In most cases though, a slower approach is used - again depending on the human and the extreme nature of the deficit.",Yes,,,,
,ID57,100,645,TRUE,12/27/2023 12:45,EN,Competitive physique athletes,2-4 years,I coach both,Yes,Yes,I focus on Calories,I coach Both,200-350 calories ,,"Less Protein (10-20gr), stable fats the first weeks and +30-60gr CHO","Stable Protein, + 10-15gr Fats and + 15-40gr CHOS ",8 weeks,No change,"I would call it ""forced adherence."" The main problem I detect is emotional problems, when leaving the preparation point, the mind tends to ""relax"" therefore they want to get out of that caloric deficit or failing that, they want a greater variety of flavors","To avoid inflammation and hyperemia of adipocytes, in addition to being able to maintain an ideal fat percentage to start an off-season stage.",Yes,,,,
,ID58,56,66,FALSE,2/6/2024 7:18,EN,Lifestyle/General population,2-4 years,I only coach natural athletes,Yes,Yes,I focus on Macronutrients,I only coach Women,,,,,,,,,,,,,
,ID59,100,675,TRUE,12/27/2023 8:32,EN,Lifestyle/General population,5-8 years,I only coach natural athletes,Yes,Yes,I focus on Macronutrients,I coach Both,I dont add cals daily. I will up 200 cals and roll with that for a week and reassess their bio feedback before upping again. ,,Ill add between 20 to 40 carbs and lower protein slightly matbe 10g,100 cals the first day...then keep the same rest of week. Will come from fat/carbs  ,Could be anywhere from 6 to 12 weeks,Decrease,"Digestive issues seem to be the bigger issue to manage as they need time to become comfortable and efficient utilizing the new level of cals coming in. For some this is quick, others this can mean smaller jumps weekly to allow the changes in the gut to take place to handle this elevated nutrition protocol",It allows the body time to adjust back. Depending on how long the person was in a cut for their metabolism may be downregulated and needs time to recognize more cals consistently coming in and allow for digestion to adjust to make use of all these cals. Jumping right up to 2500 after being at 1500 also mentally messes with clients becUse the scale will jump around alot more which can have negative effects mentally to the client and effect their adherence and confidence in the plan.  ,Yes,,,,
,ID60,56,211,FALSE,2/2/2024 13:38,EN,Lifestyle/General population,2-4 years,I only coach natural athletes,Yes,Yes,I focus on Macronutrients,I coach Both,50,,,,,,,,,,,,
,ID61,100,622,TRUE,12/27/2023 16:58,EN,Lifestyle/General population,2-4 years,I only coach natural athletes,Yes,Yes,I focus on Calories,I coach Both,"For lower weight females I typically increase at 100 calorie increments. If they are at 1,500 calories, I will increase to 1,600 for the next 7 days. For men, the increase is typically 150 calories.",,,,"3-4 for most. If a competitor that is very lean and extensive dieting, reverse may last 8-weeks",Increase,Adherence tends to be the biggest issue when returning to maintenance ,"More to just adjust to see where maintenance calories are at. Most lifestyle clients don‚Äôt need much for a reverse, but a competitor may need a bit more time in reverse. ",Yes,,,,
,ID62,100,88,TRUE,1/13/2024 22:38,EN,Lifestyle/General population,<2 years,I only coach natural athletes,Yes,No,,,,,,,,,,,,,,,
,ID63,100,1347,TRUE,12/27/2023 9:24,EN,Lifestyle/General population,5-8 years,I only coach natural athletes,Yes,Yes,I focus on Macronutrients,I coach Both,"I'll give them a refeed day after completion of deficit, than i increase 100 to 150 calories per week until they reach maintanence calories, after reaching maintenance calories I'll proceed according to clients nxt goal ",,"I'll bring down protien to 1gm per pound of bodyweight and increase carb,  until 4 gms per pound of bodyweight ",Will bring protien to 0.75gms to .9 gms per pound nd carbs 3 gms per pound of bodyweight ,"6 to 8 weeks, I don't increase calories rapidly unless client wants to",Decrease,Most of the clients wants to increase calories rapidly nd in some cases they gain fat ,"After reaching fatloss goal most of the clients wants to start gaining immediately, to prevent overeating in the name gaining i repefer keep them on reverse dieting for few weeks ",Yes,,,,
,ID64,100,438,TRUE,1/24/2024 16:28,EN,Lifestyle/General population,2-4 years,I coach both,Yes,Yes,I focus on Calories,I only coach Women,,,,,"Try to reverse for at least as long as they diet, but many women struggle more with reverse than diet itself ",Decrease,Slight weight and fat as long as they stick to protocols. ,"I reverse by slowly increasing calories approx 150-200 calories a week (on average and depending on client), until they are min at maintenance calories but longer if they agree",Yes,,,,
,ID65,100,387,TRUE,1/24/2024 11:19,EN,Lifestyle/General population,5-8 years,I only coach natural athletes,Yes,Yes,I focus on Macronutrients,I coach Both,200,,Adding 50+ grams of carbohydrates,Adding in 25 grams of carbohydrates and 10 grams of fats,6-8 weeks,Decrease,"Adherence - sometimes at the end of a hard dieting phase, some tend to want to reduce intensity of dieting via no longer tracking or following a protocol","To minimize the amount of body fat gain, maintain and or build more muscle, and increase calories",Yes,,,,
,ID66,11,71,FALSE,1/10/2024 8:35,EN,,,,,,,,,,,,,,,,,,,,
,ID67,100,365,TRUE,12/25/2023 13:42,EN,Lifestyle/General population,>8 years,I only coach natural athletes,Yes,Yes,I focus on Macronutrients,I coach Both,100-200,,carbs increase by 50-75g daily over next 7 days ,carbs increase by 50-100g daily for next 7 days ,however long dieting phase was ,Decrease,"adherence, body fat levels ",strategically just makes sense ,Yes,,,,
,ID68,100,52,TRUE,1/12/2024 7:30,EN,Lifestyle/General population,>8 years,I coach both,Yes,No,,,,,,,,,,,,,,,
,ID69,50,40,FALSE,1/19/2024 7:31,EN,Lifestyle/General population,>8 years,I coach both,Yes,Yes,I focus on Calories,I coach Both,,,,,,,,,,,,,
,ID70,100,2963,TRUE,1/28/2024 14:12,EN,Lifestyle/General population,>8 years,I coach both,Yes,Yes,I focus on Macronutrients,I coach Both,400,,"Protein would have been set to optimal in the fat-loss phase. Therefore, The primary focus in the initial bump would primarily be CHO, with a secondary focus on fats. Trace protein would also increase based on the carb sources. (IE: Jasmine rice) Therefore, the true macro increase would probably be 70g CHO, 15g Pro, 9g Fats.","Normally, I would start with an approx 20% calorie increase, however in this particular approx  example I would be more aggressive and add a minimum of 30% or 300kcal perhaps even higher and more of a ""Recovery Diet"" depending on labs if avail./subjective biofeedback. Rational : 1,000 calories is very low and I am making the assumption that this client would be experiencing significant metabolic adaptations, hormonal imbalances and reporting poor subjective biofeedback markers. I would prescribe approx 40g of CHO (a little over 50% of kcal increase) approx 13g of fats (40% of kcal increase) and 5g of protein from trace sources found in CHO (10% of kcal increase.) Note: The increased ratio of fats in the case is for sex hormone function. Also, If the diet ended at 1,500 calories I would use a slightly less aggressive increase in calories, probably 20% instead of 30%.  ",16-Dec,Decrease,"The results are almost always positive in terms of hormonal factors, strength, sleep quality, energy, recovery, motivation to train, libido. However, adherence has been an issue with some clients where they have a difficult time adhering to new increased calorie targets, even if they are significant. This is more prominent when the client is in a fat-loss phase for a major event or milestone like wedding, tropical vacation etc. They no longer have the overarching goal to focus on and therefore commitment levels are not as strong.  ","  My objective is always to achieve sustainable results. We know that dieting works in the short term, but long-term fat-loss statistics are grim. I educate my clients on the weight loss/weight regain statistics and the metabolic and hormonal adaptations that occur in the fat-loss phase. Our goal is to reverse those adaptations and improve subjective biofeedback so they feel better and can enjoy a larger calorie budget and a more flexible lifestyle.  A reverse diet over 3-6 weeks is a more conservative approach of increasing calories that many clients feel more comfortable with psychologically compared to going directly to theoretical maintenance or into a calorie surplus. They‚Äôve worked hard to obtain a lean physique and the reverse diet approach often maintains a lean body composition and because metabolic adaptation works in both directions, we can usually increase their maintenance calories beyond what they were at the start of a fat-loss phase if we titrate the calories upwards incrementally.",Yes,,,,
,ID71,100,1104,TRUE,1/30/2024 10:58,EN,Lifestyle/General population,5-8 years,I only coach natural athletes,Yes,Yes,I focus on Macronutrients,I coach Both,"I would increase calories mainly coming from carbohydrates (to help with cortisol levels and Leptin/Ghrelin, and energy). I would increase calories over a period of 3-8 weeks working our way up to maintenance as quickly as possible while ensuring the weight stays within 5lbs of his new low body weight. Since this client is on a very low end of calories I would do a 15-20% increase. I would add an addition 300-350 calories the first seven days mainly coming from carbohydrates during the first week of his reverse.",,"For this client, his protein intake should already be around 1 gram per pound of body weight so, I would keep his protein intake the same (220g of protein 880 calories), I would have probably had his fats at 25% of his caloric intake (500 calories and 55G), with the remainder coming from carbs (620 calories and 155g carbs) for a 2000 caloric deficit. For his increase, I would initially add an extra 300 calories bumping up mainly carbs - total calories 2,300 for the first week - 220g P 880 calories, I would bump carbs up to 220g daily 880 calories, and bump fats to ,60g 540 calories ","This is an extreme deficit so I may take a more vigorous approach adding in 40% more calories to put this client at 1,400 calories for the first week of her reverse.",I typically spend 3 to 8 weeks with my clients in a reverse diet depending on the extremities of their fat loss. ,Decrease,"I've only ever seen positive changes in a reverse diet with my clients - typically energy levels go up, hunger hormones become more stabilized, sleep imrpoves, and strength and workout performance improves. The only time I've seen negative effects is when they client has not been consistent in a reverse. ",The only time I havent implement a reverse diet is when a client has not yet reached their fat loss goals but has been dieting for extended periods of time. This is where I would implement a 1 to 2 week diet break. Reverse dieting is crucial to ensure the client keeps the weight off long term after they've achieved their fat loss goals. ,Yes,,,,
,ID72,50,165,FALSE,2/5/2024 18:29,EN,Lifestyle/General population,5-8 years,I only coach natural athletes,Yes,Yes,I focus on Macronutrients,I coach Both,,,,,,,,,,,,,
,ID73,100,248,TRUE,1/30/2024 17:23,EN,Lifestyle/General population,5-8 years,I only coach natural athletes,Yes,Yes,I focus on Calories,I only coach Women,,,,,8 weeks,Decrease,adherence can be difficult,"to restore metabolism, mitigate metabolic adaptation, boost metabolic capacity, improve biofeedback (sleep, energy, etc)",Yes,,,,
,ID74,100,613,TRUE,1/29/2024 19:45,EN,Lifestyle/General population,2-4 years,I only coach natural athletes,Yes,Yes,I focus on Calories,I only coach Women,,,,,6-8 weeks,Decrease,sometimes lack of adherence which would make them gain body fat faster. ,"to prevent rapid fat gain and matabolic adaptations. After a period of caloric deficits, hormones related to hunger and satiety might be affected, metabolism might slow down. Reverse diet will allow metabolism to adjust and promote a more sustainable transition to maintnance. Reverse diet minimizes the risk of significant fat accumulation while giving the metabolism time to adapt. This approach will help maintain the hard earned fat loss and avoid the pit-falls of returning to old habits. Its for long term weight maintenance.  ",Yes,,,,
,ID75,56,1563,FALSE,1/9/2024 9:58,EN,Lifestyle/General population,>8 years,I coach both,Yes,Yes,I focus on Macronutrients,I coach Both,100-200 Cals per day. ,,,,,,,,,,,,
,ID76,100,57,TRUE,1/24/2024 6:13,EN,Lifestyle/General population,2-4 years,I only coach natural athletes,Yes,No,,,,,,,,,,,,,,,
,ID77,100,279,TRUE,12/22/2023 17:32,EN,"Strength Athletes (powerlifting, strongman, weightlifting)",2-4 years,I coach both,Yes,Yes,I focus on Macronutrients,I only coach Women,,,,"Initially 15-20g of carbs, 5g. Fat, 10-15g protein ",6-8 weeks ,Decrease,N/a,"To control fat gain, optimize hormones and caloric intake during window after cutting phase. Prime time to get calories at ideal level, and ensure increased health markers",Yes,,,,
,ID78,100,518,TRUE,1/27/2024 9:45,EN,Lifestyle/General population,5-8 years,I coach both,Yes,Yes,I focus on Macronutrients,I coach Both,250-400 calories a week ,,50-100g carbs a week increase ,25-50g carbs a week increase ,4-8 weeks ,Decrease,No negative side effects. Hunger increases as expected ,Being in a deficit for an extended amount of time will slow down the body‚Äôs ability to process calories. Slow and steady increase in calories allows for the metabolism to adjust more efficiently and reduce unwanted body fat accruement ,Yes,,,,
,ID79,11,25,FALSE,1/30/2024 14:17,EN,,,,,,,,,,,,,,,,,,,,
,ID80,100,434,TRUE,12/22/2023 16:35,EN,Competitive physique athletes,5-8 years,I coach both,Yes,Yes,I focus on Macronutrients,I coach Both,I would look for a 20% increase over the course first week. ,,I‚Äôd add in only carbs first to contribute to performance. I would add in 100 carbs for the first week. An avg of 14 carbs per day for 7 days.,I‚Äôd add in 200 calories/20% increase for the first week‚Ä¶ about 29 calories per day on AVG,6-10 weeks.. likely around 8 until there is a healthy stabilization of the metabolism ,Decrease,"For lifestyle clients, rarely. For competitive athletes it is too often even after educating the important of nutritional adherence post show",To minimize fat gain and maximize performance post fat loss phase.,Yes,,,,
,ID81,100,297,TRUE,1/24/2024 19:06,EN,Lifestyle/General population,2-4 years,I only coach natural athletes,Yes,Yes,I focus on Calories,I only coach Women,,,,,10-Jun,No change,Minor fat increase,To slowly and easily return to maitananxe or to get a client out  of an extreme diet they were on prior to training. It‚Äôs slow and easy to monitor and adjust to,Yes,,,,
,ID82,100,1119,TRUE,12/27/2023 17:47,EN,Lifestyle/General population,5-8 years,I only coach natural athletes,Yes,Yes,I focus on Macronutrients,I coach Both,200,,"Increase carbs by about 10%, fat by about 5% weekly","Increase carbs by about 10%, fat by about 5% weekly",8,No change,Adherence is a challenge ,Preserve metabolism ,Yes,,,,
,ID83,100,1097,TRUE,12/22/2023 12:56,EN,Lifestyle/General population,5-8 years,I only coach natural athletes,Yes,Yes,I focus on Macronutrients,I coach Both,"Typically I increase in week increments- and it largely depends on historical data/ how carb sensitive the client is. It also depends on how the body responds to caloric increase. But for the example, I would say 50-100 calories per day. ",,5 carbs 2.5 fat 2 protein,"3 carb, 1 fat 1 protein- again, this is with the mindset of slowly increasing calories over several weeks- not daily, this is not how I approach reverse dieting ",8-12 weeks so on average 10,Decrease,None,"Helps the client stay lean while increasing calories, promotes healthy fat gain, prevents a rapid increase in food and thus digestive issues resulting from sudden influx, helps the client slowly get back into a ‚Äúnormal‚Äù eating pattern. ",Yes,,,,
,ID84,100,128,TRUE,12/22/2023 14:20,EN,Lifestyle/General population,2-4 years,I only coach natural athletes,Yes,No,,,,,,,,,,,,,,,
,ID85,100,702,TRUE,12/25/2023 8:50,EN,Lifestyle/General population,5-8 years,I only coach natural athletes,Yes,Yes,I focus on Calories,I coach Both,50 kcal per day,,10-15 g of CHO,10-15 g of CHO,8-12 before maintenance,Decrease,"Usually they feel improvement in energy levels and hormone measurements, sometimes they don't even increase body fat level more than 1% on the end of the reverse diet despite kcal increment","To increase maintenance level after it drops during deficit phase, and to create opportunity for the new gains in muscle growth",Yes,,,,
,ID86,100,288,TRUE,1/29/2024 18:28,EN,Lifestyle/General population,2-4 years,I only coach natural athletes,Yes,Yes,I focus on Calories,I coach Both,"100-200/week until we notice scale maintenance, improved biofeedback and hormone profile, etc",,"100-200 calories from primarily carbs weekly unless we run into issues with digestion, adherence etc",100 calories a week from a mix of carbs and fats as fats are obviously going to be critically low here,4,Decrease,body fat increase if the reverse is too aggressive,"reduces risk of fat regain, optimizes hormones, allows for a slow adjustment of appetite",Yes,,,,
,ID87,100,881,TRUE,1/15/2024 23:52,EN,Lifestyle/General population,<2 years,I only coach natural athletes,Yes,Yes,I focus on Calories,I coach Both,50,,Increase 50kcal worth of carbs first for energy tends to be most enjoyable,50,Very short (6 weeks after using my recommended calorie deficit) unless they are extreme dieters after using an unsustainable approach to fat loss before coming to me. It depends on their starting point. I teach them how to reverse diet until they are comfortable to go off on their own and continued doing it on their own very very slowly ,No change,Mostly emotional. Guilt around food. This is most common in clients who have extreme dieted before coming to me as I don‚Äôt assign large calorie deficits. The guilt wears off after a while when they see progress in the gym and their physique actually improves ,"For small calorie deficits, I don‚Äôt. I may continue coaching clients while they‚Äôre at maintenance calories if they ask. I only implement a reverse diet if the calorie deficit is greater than 20% ",Yes,,,,
,ID88,100,238,TRUE,1/24/2024 13:45,EN,"Team sports/ Athletic performance (football,swimming,combat sports)",>8 years,I coach both,No,,,,,,,,,,,,,,,,
,ID89,100,114,TRUE,1/25/2024 11:53,EN,Lifestyle/General population,>8 years,I only coach natural athletes,Yes,No,,,,,,,,,,,,,,,
,ID90,100,51,TRUE,1/25/2024 16:39,EN,Lifestyle/General population,>8 years,I only coach natural athletes,Yes,No,,,,,,,,,,,,,,,
,ID91,100,702,TRUE,1/24/2024 6:22,EN,Competitive physique athletes,>8 years,I only coach natural athletes,Yes,Yes,I focus on Calories,I coach Both,"If stage lean probably 600-800, if at a sustainable body composition 300-400ish, if struggling with consistency at the end of prep possibly more in the interest of consistency ",,"If increasing 500-800 cal for someone stage lean probably 100g or more increase in carbs, 10g or more increasee in fat and minimal protein changes",If stage lean and bumping around 500-600 cal probably close to 100g carbs and 10ish grams fat with minimal protein changes,My goal is to get them feeling better coming off a show within 6-8 weeks but I would keep pushing food through their entire offseason as much as possible while staying at a reasonable offseason body composition ,Decrease,If adherance is low coming off a show I typically push food faster in the interest of consistency. Staying consistent with higher food usually results in less rapid gain than aiming for low targets and being inconsistent.,I think there needs to be a middle ground. Gaining everything back quickly isnt ideal but gaining nothing back isnt ideal either. I like to see a 1-2lb gain the first 6-8 weeks coming off of a show to get them feeling better then slow things down from there.,Yes,,,,
,ID92,100,632,TRUE,1/2/2024 18:44,EN,Lifestyle/General population,5-8 years,I only coach natural athletes,Yes,Yes,I focus on Macronutrients,I coach Both,50,,Very much depends on their stats. I‚Äôd probably keep their protein the same and raid CHO by maybe 5-10 and fat 3-5,It very much depends. Protein would remain the same. Will probably add ~5 carbs and 3-5 fat,12-Apr,Decrease,Hunger is most affected. ,"makes the transition smoother, easier on digestion, helpful with maintaining routine and habits set ",Yes,,,,
,ID93,56,1005,FALSE,1/1/2024 7:54,EN,Competitive physique athletes,>8 years,I only coach natural athletes,Yes,Yes,I focus on Macronutrients,I coach Both,~ 30 kcal per day,,,,,,,,,,,,
,ID94,100,695,TRUE,1/24/2024 16:13,EN,Lifestyle/General population,5-8 years,I only coach natural athletes,Yes,Yes,I focus on Macronutrients,I coach Both,"Depends on length of deficit, how much weight was lost, biofeedback of the client and how 2000 calories compares to his estimated TDEE. Generally, I would bump at least 50% up between the 2k calories and estimated TDEE to start.",,No protein since it should be in a sufficient place still. Typically a higher % carb increase than fats but would increase both initially - about 60-70% carbs and 30-40% fats to fill the added calories.,Same as above: No protein since it should be in a sufficient place still. Typically a higher % carb increase than fats but would increase both initially - about 60-70% carbs and 30-40% fats to fill the added calories.,4-8 weeks,Decrease,Adherence can suffer since adding food can be daunting for certain clients who are afraid to gain body fat back. I will take a slightly slower approach with adding food and ensure I'm educating them on the importance of getting back to a maintenance intake.,Taking a more gradual approach compared to a recovery diet tends to support adherence better for gen pop clients. It's rare for a gen pop client to get so lean that they would require a recovery diet or need to gain body fat back after a deficit.,Yes,,,,
,ID95,11,19,FALSE,1/5/2024 12:34,EN,,,,,,,,,,,,,,,,,,,,
,ID96,56,290,FALSE,1/30/2024 18:56,EN,Lifestyle/General population,2-4 years,I only coach natural athletes,Yes,Yes,I focus on Calories,I coach Both,2.8-5.7 kcal per day,,,,,,,,,,,,
,ID97,100,131,TRUE,12/28/2023 12:34,EN,Lifestyle/General population,<2 years,I only coach natural athletes,No,,,,,,,,,,,,,,,,
,ID98,100,63,TRUE,1/24/2024 16:32,EN,Lifestyle/General population,<2 years,I only coach natural athletes,Yes,No,,,,,,,,,,,,,,,
,ID99,50,197,FALSE,1/18/2024 16:46,EN,Lifestyle/General population,5-8 years,I only coach natural athletes,Yes,Yes,I focus on Calories,I coach Both,,,,,,,,,,,,,
,ID100,100,470,TRUE,1/7/2024 22:28,EN,Competitive physique athletes,5-8 years,I coach both,Yes,Yes,I focus on Macronutrients,I only coach Men,,,Push up carbs by around 50-80g allow the body to fluctuate as the weight comes down back to where it was at feed up accordingly ,,3-5 weeks ,Decrease,Only thing ever had been increased hunger levels as adherence becomes an issue post fatloss phase which I have found ways past by pre planning and explaining to clients what to expect ,"Because during a reverse diet I can raise up their baseline of food intake, and still burn bodyfat during that process typically as well I‚Äôve found anecdotally by reversing dietting bodyfat distribution changes as well ",Yes,,,,
,ID101,100,50,TRUE,12/28/2023 8:24,EN,Lifestyle/General population,2-4 years,I coach both,Yes,No,,,,,,,,,,,,,,,
,ID102,100,1385,TRUE,12/27/2023 6:11,EN,Lifestyle/General population,5-8 years,I only coach natural athletes,Yes,Yes,I focus on Calories,I coach Both,200-250 Slowly adding calories and readjust after two weeks,,Keep protein where it is at and then increase carbs by 40grams and fats by by 15 grams. Would then reassess after 2 weeks,"I would increase calories slowly by adding 25 grams of carbs and 10 grams of fat per day for two weeks, then reassess.",between 4-8 weeks depending on compliance and progress ,Decrease,"The psychological effect has been the biggest obstacles. When my client lose weight and get to the goal, they get nervous to increase their calories because they believe they will gain all their weight back. This is when coaching needs to be very supportive and once you build trust with your client it helps. Bloating does occur at times so I will adjust their meal plan to incorporate more foods to reduces bloating. ","It helps prevent your metabolism from slowing down, which often happens during calorie restriction. By gradually increasing calories, you signal to your body that it's not in a prolonged scarcity mode.  Also, it helps in maintaining your muscle mass. Rapidly jumping back to your pre-diet calorie levels can lead to muscle loss. Slowly adding calories gives your body the resources it needs for recovery and growth.  Lastly, it's a sustainable approach. Quick fixes may give short-term results, but they're rarely maintainable. Reversing diet allows for a smoother transition, making it more likely for your clients to stick with their healthier habits for the long haul.",Yes,,,,
,ID103,56,204,FALSE,1/2/2024 15:59,EN,Lifestyle/General population,5-8 years,I only coach natural athletes,Yes,Yes,I focus on Macronutrients,I coach Both,200,,,,,,,,,,,,
,ID104,50,100,FALSE,1/31/2024 6:56,EN,Lifestyle/General population,>8 years,I only coach natural athletes,Yes,Yes,I focus on Calories,I coach Both,,,,,,,,,,,,,
,ID105,100,602,TRUE,12/22/2023 9:27,EN,Lifestyle/General population,2-4 years,I coach both,Yes,Yes,I focus on Macronutrients,I coach Both,I would take him to 2400-2600 per day for the first week. ,,"This depends on what previous ‚Äúmaintenance‚Äù macros were.. for instance, if client was on a higher carb percentage, I would not take him to a lower carb percent. Each client‚Äôs macro ratios are custom to them and their tolerance in prep and post show. ",Same answer and previous. Both for male and female. ,Until we reach maintenance. There is no stock answer here. Some will reach maintenance quickly. Some require more free meals mentally than others. ,Decrease,"The only negative affects come when a client doesn‚Äôt adhere to the reverse. If a client has been in prep for a long time very restricted, they will tend to not adhere. Binging and rapid fat loss can severely mess with hormones and overall mental health. ",Because it allows the body to adjust at an appropriate pace‚Ä¶ physically and hormonally. ,Yes,,,,
,ID106,100,720,TRUE,1/24/2024 11:00,EN,Competitive physique athletes,<2 years,I coach both,Yes,Yes,I focus on Macronutrients,I only coach Women,,,,"if the diet ended at 1000 cals, I would keep protein the same, add 60-70% more carbs and 30-40% more fats for the week, give or take some depending on feedback from the athlete. This would not be a daily increase, but a weekly increase.  ",10-Jun,Decrease,"adherence. Even if calories are adjusted faster (brought up faster,) I still have issues with adherence. ","I want the athlete to get the nutrients they need, but also to maintain a good relationship with food AND be able to eat the food I give them. I do not want to overstuff them too quickly by raising calories too quickly. ",Yes,,,,
,ID107,100,586,TRUE,12/25/2023 19:17,EN,Lifestyle/General population,2-4 years,I only coach natural athletes,Yes,Yes,I focus on Macronutrients,I coach Both,100,,"10g protein, 7g carbs, 4g fat","10g protein, 7g carbs, 4g fat",12-Aug,No change,"Adherence, results not reached, unrealistic expectations ",It works and makes sense scientifically ,Yes,,,,
,ID108,100,174,TRUE,1/25/2024 9:40,EN,Lifestyle/General population,5-8 years,I only coach natural athletes,Yes,Yes,I focus on Calories,I only coach Women,,,,,6,No change,No,To reduce the chances of immediate weight gain,Yes,,,,
,ID109,100,158,TRUE,1/4/2024 9:26,EN,Lifestyle/General population,2-4 years,I only coach natural athletes,Yes,Yes,I focus on Calories,I only coach Women,,,,,12-Jun,No change,None,Clients seem more comfortable gradually increasing rather than all at once,Yes,,,,
,ID110,100,350,TRUE,1/29/2024 21:32,EN,Lifestyle/General population,2-4 years,I only coach natural athletes,Yes,Yes,I focus on Calories,I only coach Women,,,,,8,Decrease,Adherence ,In order to help prevent weight (body fat) regain after fat loss ,Yes,,,,
,ID111,72,5716,FALSE,2/5/2024 21:25,EN,Lifestyle/General population,2-4 years,I only coach natural athletes,Yes,Yes,I focus on Macronutrients,I only coach Women,,,,,,,,,,,,,
,ID112,100,630,TRUE,1/16/2024 9:35,EN,Lifestyle/General population,<2 years,I only coach natural athletes,Yes,Yes,I focus on Macronutrients,I coach Both,50,,"Protein is kept the same, carbs increase 6g each day and fats 3g ",Protein is kept the same and carbs increase 4g each day and fats increase 2g ,8 weeks ,Decrease,"Adherence mostly, some overshoot the reverse macros/calories","I implement a reverse if they aren‚Äôt having significant negative biofeedback indicators like poor sleep, HRV, RHR, hormonal dysfunction, etc.  I otherwise utilize what I call a recovery diet straight back to estimated maintenance. ",Yes,,,,
,ID113,100,673,TRUE,1/29/2024 14:25,EN,Lifestyle/General population,2-4 years,I only coach natural athletes,Yes,Yes,I focus on Macronutrients,I coach Both,100-200 calories/day for (x) days then capping at (x) amount based on TDEE,,For certain clients I use percentages but typically 20-30 macro (grams) total,Very few people should be below 1500 calories/day,6-12weeks,No change,"Adherence, and comfortability. ‚ÄúLight at the end of the tunnel.‚Äù - Bill Campbelll",Gives them something to look forward to after the fat loss phase,Yes,,,,
,ID114,100,289,TRUE,1/23/2024 18:34,EN,Lifestyle/General population,2-4 years,I only coach natural athletes,Yes,Yes,I focus on Calories,I coach Both,150,,Protein 10g per 150 kcal ,"100 kcal, 5g protein. ",20,Decrease,Increase in body fat. Quick fat gain ,I want my clients to be able to look and feel their best but also eat as much as possible to maintain weightless ,Yes,,,,
,ID115,100,757,TRUE,12/25/2023 18:45,EN,Lifestyle/General population,<2 years,I only coach natural athletes,Yes,Yes,I focus on Macronutrients,I coach Both,200,,25g protein and 25g carbs,10g protein and 10g carbs,12,Decrease,None,Minimizes body fat regain,Yes,,,,
,ID116,100,369,TRUE,12/27/2023 13:35,EN,Lifestyle/General population,>8 years,I coach both,Yes,Yes,I focus on Macronutrients,I coach Both,150,,50 grams,50 grams,8,Decrease,None of the above,From my experience it helps mitigate fat gain and aids with a clients fear of gaining too much weight back,Yes,,,,
,ID117,100,531,TRUE,12/26/2023 18:49,EN,Lifestyle/General population,5-8 years,I only coach natural athletes,Yes,Yes,I focus on Macronutrients,I coach Both,"Depends on the mental state of the person, how long they‚Äôve been dieting, hunger levels/biofeedback signs etc. I can‚Äôt give an exact number as it depends on the individual. ",,With how I do things‚Ä¶ protein stays the same and carbs get increased first and sometimes it‚Äôs carbs and fats,Same answer as above and as the previous answer before that. Depends on the individual. Some it‚Äôs a small increase and some it‚Äôs straight to estimated current maintenance ,8-12 weeks,Decrease,No other than some who have been dieting for a long time and are food focused or mentally fatigued can have a hard time adhering this putting themselves in a calorie surplus. These Iindividuals I found need a much larger increase so I try to get them to a top safe range for the initial increase,To ease the mind and body into eating more food. I find clients are mentally happy with this and it helps having a exit strategy to the diet,Yes,,,,
,ID118,100,491,TRUE,12/22/2023 10:43,EN,Competitive physique athletes,2-4 years,I coach both,Yes,Yes,I focus on Macronutrients,I coach Both,15-20,,Around 20-25g carbs and 5g fat WEEKLY (not daily),Around 10-15g carbs and 5g fat WEEKLY (not daily),12-Aug,Decrease,Occasionally adherence to the protocol post competition ,"I don‚Äôt always implement a reverse diet, but for the clients that I feel are suitable for a reverse diet, it is generally to reduce the amount of body fat gain transitioning from a deficit to maintenance calories.",Yes,,,,
,ID119,100,230,TRUE,12/21/2023 8:30,EN,Lifestyle/General population,>8 years,I only coach natural athletes,Yes,Yes,I focus on Macronutrients,I only coach Women,,,,100,12,Decrease,No negative effects ,"The body seems to respond better to this, as well as hormones, and it‚Äôs easier for them mentally to increase slowly ",Yes,,,,
,ID120,100,305,TRUE,1/4/2024 15:05,EN,Competitive physique athletes,2-4 years,I coach both,Yes,Yes,I focus on Macronutrients,I coach Both,It depends on the athlete and their metabolism. ,,It depends on the athlete. ,It depends on the athlete.,6-Apr,Decrease,Adherence due to hormonal factors resulting in faster body fat gain.,To limit body fat gain.,Yes,,,,
,ID121,100,1057,TRUE,12/22/2023 18:55,EN,Lifestyle/General population,2-4 years,I only coach natural athletes,Yes,Yes,I focus on Macronutrients,I coach Both,'+50-150 cal.. 5% approach to be more conservative and track results consistently,,2-3% increase primarily focused on carbs + fats 1-2% protein,"2-2.7% increase C+F, 1.3-2% increase P",Depends typically 6-12,Decrease,horomonal imbalances.. woman primarily.. some had positive experiences (able to naturally conceive) + negative (affected clients w/ PCOS sx.),"To manipulate ones metabolism and guarantee, minimal fat gain when returning to a maintenance stage/sustainable lifestyle.",Yes,,,,
,ID122,28,30,FALSE,12/29/2023 15:28,EN,"Team sports/ Athletic performance (football,swimming,combat sports)",2-4 years,I only coach natural athletes,,,,,,,,,,,,,,,,,
,ID123,56,151,FALSE,12/29/2023 15:31,EN,"Team sports/ Athletic performance (football,swimming,combat sports)",2-4 years,I only coach natural athletes,Yes,Yes,I focus on Calories,I coach Both,Depends on their weight cut but anywhere from 300-600 calories,,,,,,,,,,,,
,ID124,100,359,TRUE,12/27/2023 13:11,EN,Lifestyle/General population,2-4 years,I only coach natural athletes,Yes,Yes,I focus on Calories,I coach Both,50,,,,12,No change,"Increased body fat, poor adherence to calorie intake",Get out of a plateau and address metabolic adaptations,Yes,,,,
,ID125,100,1198,TRUE,12/29/2023 9:43,EN,Lifestyle/General population,>8 years,I only coach natural athletes,Yes,Yes,I focus on Macronutrients,I coach Both,I use weekly changes of +150-300kcals ,,30-75,25-75,4,Decrease,Body image (dysmporphia),It‚Äôs difficult to determine the new caloric maintenance ,Yes,,,,
,ID126,50,80,FALSE,1/10/2024 17:03,EN,Lifestyle/General population,2-4 years,I only coach natural athletes,Yes,Yes,I focus on Macronutrients,I coach Both,,,,,,,,,,,,,
,ID127,100,445,TRUE,12/22/2023 11:48,EN,Lifestyle/General population,2-4 years,I only coach natural athletes,Yes,Yes,I focus on Macronutrients,I coach Both,50-100 calories week to week ,,Protein usually stays the same. I‚Äôll increase carbs 5g-15g and fats anywhere between 5-10g. Usually depends ,Protein will stay the same.  And carbs and fats will go up 5-15 per week. ,6-10 weeks. Depends how well they adhere to the protocols ,Decrease,No real negative effects. Adherence is the hardest part because they want to go straight into a bulk and will get carried away ,Best way to maintain the fat loss. Also gives us a good idea of where their new maintenance calories is,Yes,,,,
,ID128,100,66,TRUE,1/13/2024 15:50,EN,"Team sports/ Athletic performance (football,swimming,combat sports)",5-8 years,I only coach natural athletes,Yes,No,,,,,,,,,,,,,,,
,ID129,100,788,TRUE,1/30/2024 9:18,EN,Lifestyle/General population,2-4 years,I coach both,Yes,Yes,I focus on Macronutrients,I coach Both,400,,2000kcal = C170 F40 P240    ----> 2400Kcal =  C260  F45  P240 ,"Ive never had a client get that low, outside of enhanced and competitive.  BUT  1000Kcal = C50 F30 P135   -----> 1450~  C100 F55 P135",8-16 depending on how their body/hormones/emotions/mencees ,Decrease,"adherence is always the issue, thus leading into body fat gains.   Typically the deficit causes the hormonal issues, and throughout the reverse diet my primary goal is minimal fat gain while normalizing hormone levels","I believe ones body wants to get back to its ""homeostasis"" and immediately after a bulk/fat loss phase their body is primed to store body fat fast/lose new muscle tissue.  Returning to a maintenance phase of sorts while reverse dieting, as ive seen, has allowed their body to adjust and adapt to the new body fat levels without massive gain. ",Yes,,,,
,ID130,100,66,TRUE,12/27/2023 16:03,EN,"Strength Athletes (powerlifting, strongman, weightlifting)",5-8 years,I only coach natural athletes,Yes,No,,,,,,,,,,,,,,,
,ID131,100,1299,TRUE,1/4/2024 16:56,EN,Lifestyle/General population,>8 years,I only coach natural athletes,Yes,Yes,I focus on Macronutrients,I coach Both,I don't generally increase every single day but will make increases every few days to weeks depending on the client's needs. Across a week there might be an increase of 200 calories (which across 7 day is just over 28 calories per day) ,,Protein usually will remain the same and maybe come down just below 2.2g per kg of BW. Fat will surely increase 15-20g across a week (2-3g per day) and carbohydrates will increase 50-75g (5-7g per day),Protein usually will remain the same and maybe come down just below 2.2g per kg of BW. Fat will surely increase 10-15g across a week (1-2g per day) and carbohydrates will increase 25-50g (3-4g per day),Reverse dieting will take place for at about 4 weeks (sometime more necessary) before making larger increases.,Decrease,"All my competitors are female and I have found they have all struggled with the psychological aspect of gaining weight again after competition. This isn't so much of an adherence phenomena, but rather a common anxiety I have identified in many female competitors (even when they have agreed that growing again will improve their physique). There seems to still be a learned psychological hesitation and anxiety to gaining weight. ",(1) Keep from the athlete binging (2) Limit body fat gained over time (3) Gather data on how body responds to increase amounts of food in a deep deficit to possibly strategically add food prior to competition,Yes,,,,
,ID132,100,437,TRUE,12/23/2023 11:36,EN,Competitive physique athletes,2-4 years,I only coach natural athletes,Yes,Yes,I focus on Macronutrients,I only coach Women,,,,depending on the individual usually adding anywhere from 20-30carb and 5ish fat weekly as needed and based on response ,~8-12,Decrease,i do see clients struggle with adherence and control due to hunger cues being a little thrown off and due to this body comp/hormones can be compromised,"i like implementing reversing to help clients re learn their hunger cues, maintain their desired body comp and learn to live in balance ",Yes,,,,
,ID133,56,898,FALSE,12/31/2023 8:03,EN,Lifestyle/General population,>8 years,I only coach natural athletes,Yes,Yes,I focus on Macronutrients,I coach Both,100-150 calories,,,,,,,,,,,,
,ID134,100,392,TRUE,1/24/2024 8:42,EN,Lifestyle/General population,5-8 years,I only coach natural athletes,Yes,Yes,I focus on Macronutrients,I coach Both,200 the first day - monitor response and increase on day 7 ,,"It all depends on what the finishing macros were and what biofeedback, mindset etc is so I couldn‚Äôt say ","It all depends on what the finishing macros were and what biofeedback, mindset etc is so I couldn‚Äôt say ",As long as the diet was as a minimum. Eventually crosses into surplus territory so however long it takes until weight starts moving up. I don‚Äôt set timelines apart from ensuring the reverse is as long as the initial fat loss phase ,Decrease,"Body fat levels - felt they didn‚Äôt need to be as diligent in a reverse diet, hit their fat loss goals and fell off track ",It is only one of the methods I use. I prefer this as it teaches people control and restraint rather than being faced with a sudden influx of a large anoint of food. I find it to be better digestively also ,Yes,,,,
,ID135,100,678,TRUE,1/5/2024 6:00,EN,Lifestyle/General population,<2 years,I only coach natural athletes,Yes,Yes,I focus on Calories,I coach Both,200,,"10g fat, 27.5g carb, pro remains a constant until bodyweight moves up alot","5g fat, 14g carb, pro remains a constant until bodyweight moves up. Half the amount if male as lower total cals, so 100cals a day reverse",6-12 into a scheduled gain phase or maintenance,Decrease,No,To help keep body composition in check whilst allowing to eat more food,Yes,,,,
,ID136,100,204,TRUE,12/28/2023 11:35,EN,Lifestyle/General population,5-8 years,I only coach natural athletes,No,,,,,,,,,,,,,,,,
,ID137,100,382,TRUE,12/28/2023 11:42,EN,Lifestyle/General population,5-8 years,I only coach natural athletes,Yes,Yes,I focus on Calories,I coach Both,200,,'+50g Carbs only,"'+100kcal, so +25g Carbs only",12,Decrease,"None, quite the opposite actually ","Since I try to get their energy levels up, hunger levels down, with min fat gain, and prepare them for possibly another fat loss phase.",Yes,,,,
,ID138,100,2298,TRUE,12/28/2023 10:20,EN,"Strength Athletes (powerlifting, strongman, weightlifting)",2-4 years,I only coach natural athletes,Yes,Yes,I focus on Macronutrients,I coach Both,80,,Adding mostly carbs and a bit of fat. 3-5 g of Fat and 13 g of Carbs on a 80Kcal increase. Could go up to 200 Kcal a week,Adding mostly carbs and a bit of fat. 3-5 g of Fat and 13 g of Carbs on 80 Kcal increase. Could go up to 120 calories a week,2-4 months,Decrease,Their hunger goes up once they start eating more calories.,"It helps mentally the clients to get better, also increases their NEAT and they are more reactive, they get back from this very fatiguing state of caloric deficit. Mental clarity, better mood and more food in the lowest cost of body fat gain.",Yes,,,,
,ID139,56,272,FALSE,1/19/2024 6:22,EN,Lifestyle/General population,>8 years,I only coach natural athletes,Yes,Yes,I focus on Calories,I coach Both,"Depends on how well they were losing and future goals. I wouldn't add every day, it would be the same increase for the week. probably around 200 on average for the week if fairly plateaued, 400-500 if losing well.",,,,,,,,,,,,
,ID140,100,571,TRUE,1/22/2024 17:47,EN,Lifestyle/General population,>8 years,I coach both,Yes,Yes,I focus on Calories,I coach Both,105,,0 + 15 + 5,0 + 10 + 3,Straight to maintenance & then reverse diet (avg 4-8wks).,Decrease,Never had a negative result when - To maintenance immediately & then reverse diet via several pieces of client data. ,After immediately going to maintenance I found TDEE still increases & if done conservatively based on data unwanted fat gain does not occur while maximizing maintenance calories & the client feels great. ,Yes,,,,
,ID141,100,131,TRUE,1/4/2024 19:35,EN,Lifestyle/General population,2-4 years,I only coach natural athletes,Yes,Yes,I focus on Calories,I only coach Women,,,,,8,Decrease,Increased body fat levels ,To avoid any weight gain rebound due to psychological or physiological diet burnout + metabolic adaptations ,Yes,,,,
,ID142,56,408,FALSE,2/7/2024 4:42,EN,Lifestyle/General population,2-4 years,I only coach natural athletes,Yes,Yes,I focus on Calories,I coach Both,"Ha! This is always an ""it depends situation"". Between 50-75. Depends on client. We typically have a conversation about the reverse and amounts to increase.",,,,,,,,,,,,
,ID143,100,441,TRUE,12/22/2023 12:29,EN,Competitive physique athletes,5-8 years,I coach both,Yes,Yes,I focus on Calories,I coach Both,200,,"0, 50, 15","10, 20, 20",10-Aug,Decrease,No,Hormone optimization ,Yes,,,,
,ID144,100,538,TRUE,12/22/2023 12:30,EN,Competitive physique athletes,2-4 years,I coach both,Yes,Yes,I focus on Macronutrients,I coach Both,"I would not increase calories each day, but rather on a week to biweekly basis. I would likely start with adding back in about 200-400 calories during the first week ",,"Likely 0g protein, around 40-50g carbs, and maybe 10-15g fat over the course of a week (not each day)","0g protein, 20-30g carbs, 15-20g fats ",12-Aug,Decrease,"No- usually positive effects are seen as far as better sleep, energy, and restoration of hormone health ",To prevent the accumulated of gaining excess body fat immediately post diet ,Yes,,,,
,ID145,56,254,FALSE,1/5/2024 9:03,EN,Lifestyle/General population,<2 years,I only coach natural athletes,Yes,Yes,I focus on Macronutrients,I only coach Women,,,,,,,,,,,,,
,ID146,100,1599,TRUE,12/26/2023 22:30,EN,Competitive physique athletes,>8 years,I only coach natural athletes,Yes,Yes,I focus on Calories,I coach Both,200,,"0 for protein as it should already be enough, ~5 grams/day for CHO, and ~1-2 gram/day for Fat","0 for protein as it should already be enough, ~5 grams/day for CHO, and ~1-2 gram/day for Fat",16-Dec,Decrease,Concern with body image and gaining body fat," Primarily, to reduce the chances of body fat overshooting and binge eating",Yes,,,,
,ID147,100,539,TRUE,12/26/2023 13:24,EN,Lifestyle/General population,5-8 years,I only coach natural athletes,Yes,Yes,I focus on Macronutrients,I only coach Women,,,,"5-10g protein until at 2.2kg/bodyweight, carbs 10-25g/wk depending on adherence, fats +5g every 2-4 weeks until at ~1.2g-1.4/kg. Once fats/protein at upper limit, then increase only from carbs, sometimes just on lower body training days around the workout ","8-12 weeks, sometimes longer if we hit calculated maintenance but are able to keep increasing beyond without much additional body fat - depends on time commitment of client. ",Decrease,"Adherence is the biggest thing, especially in their first ever reverse diet after completing a goal (challenge/photoshoot) when dopamine levels are low, allostatic load is high & hunger is present. If someone is struggling for a few weeks with being able to adhere to macros, I usually bring them up to maintenance calories but keep cardio higher and slowly reduce that over the weeks ","Most lifestyle clients want to maintain their leanness/continue to see progress, and putting on muscle quickly (by getting out of a deficit quicker) is not their priority. ",Yes,,,,
,ID148,50,154,FALSE,1/6/2024 18:17,EN,Lifestyle/General population,<2 years,I only coach natural athletes,Yes,Yes,I focus on Macronutrients,I coach Both,,,,,,,,,,,,,
